topic,sentiment_mean,sentiment_std,subjectivity_mean,subjectivity_std,counting
Causes,0.0067818743037000246,0.8717324087345446,0.16233680503332804,0.9277476287595092,494.0
Hazard,-0.002250582785721962,0.943468199186238,-0.006451789566650043,0.9549492943167532,3121.0
Impacts,-0.007289111647673124,0.9987750397846262,0.03361082590512503,0.9348389334083664,881.0
Mitigation,0.03818602215640686,0.9426982015673433,0.02722414884938837,0.9617257973759002,553.0
