topic,sentiment_mean,sentiment_std,subjectivity_mean,subjectivity_std,counting
Causes,-0.03941275636289839,0.8299785895193617,0.13517591484013616,0.8927579949892235,165.0
Hazard,-0.0037889895336781073,0.8965193007541455,0.025893202139055875,0.9130592867032304,904.0
Impacts,-0.026784761583116084,0.9326092352580023,0.014625624636896614,0.8946461455154103,256.0
Mitigation,0.1019127329500824,0.8932286595688964,0.09181619551651007,0.892267275910167,208.0
