topic,sentiment_mean,sentiment_std,subjectivity_mean,subjectivity_std,counting
Causes,0.019733791789948503,0.8603507751231507,0.1601441198763858,0.9118761729173985,472.0
Hazard,-0.0051821805944025235,0.9424045121370812,-0.003927458601885391,0.9529096282703725,2866.0
Impacts,-0.0009123994484157311,0.9969566643033082,0.02830915617915562,0.9314188028094839,807.0
Mitigation,0.033729954445785255,0.9365903533833734,0.03160314635029723,0.9702441071278924,520.0
