day,sentiment_mean,sentiment_std,subjectivity_mean,subjectivity_std,counting
2025-01-24,-0.013622159090909108,0.3897650328762676,0.24990530303030298,0.42917094013442375,16.0
