topic,sentiment_mean,sentiment_std,subjectivity_mean,subjectivity_std,counting
Causes,-6.141989234341043e-05,0.8726909729204847,0.15851465361990488,0.9252441541553721,495.0
Hazard,-0.0021243697847316916,0.9420541258065418,-0.007166711107945154,0.9548173953002942,3146.0
Impacts,-0.005794885006439107,1.0012920231528009,0.03454439166216068,0.9375638234411022,896.0
Mitigation,0.04276537446497709,0.9459885660160677,0.03485978529917851,0.961918567924316,558.0
