topic,sentiment_mean,sentiment_std,subjectivity_mean,subjectivity_std,counting
Causes,0.0010930048769255273,0.879540443699845,0.1506796957895333,0.9368497764803324,583.0
Hazard,0.0020581075417945597,0.948058779205038,-0.003504855095097061,0.9566366163313155,3684.0
Impacts,-0.014830452571585306,0.9960349922108949,0.03068849049673312,0.9491368697242059,1124.0
Mitigation,0.0357583203812632,0.9377517520527506,0.012234479612676869,0.9523076165871898,660.0
