week,sentiment_mean,sentiment_std,subjectivity_mean,subjectivity_std,counting
2024-52,0.5428571428571428,1.0,0.7714285714285715,1.0,1.0
2025-01,0.030473672328316742,0.6923169300740133,0.13017261284070522,0.8632038080615241,64.0
2025-02,-0.04316506707190152,0.9124668143401783,0.14779663334230708,0.7941254240702987,69.0
2025-03,0.027401767996248334,0.7454274213473853,0.032190878204933986,0.7644227621214559,103.0
