topic,sentiment_mean,sentiment_std,subjectivity_mean,subjectivity_std,counting
Causes,0.0057795951879744695,0.8760470471966496,0.14509027389554688,0.9372826094182337,555.0
Hazard,0.0014661976729030551,0.9456539058199046,-0.006014720905325029,0.9533189740095701,3453.0
Impacts,-0.016679611891870838,1.0029145891934887,0.03791299953117447,0.949982341751082,1019.0
Mitigation,0.034856424225021485,0.9345877466902741,0.022176561496837197,0.9574061142903708,617.0
