topic,sentiment_mean,sentiment_std,subjectivity_mean,subjectivity_std,counting
Causes,-0.06171577876318432,0.7588269672919092,0.04674443826753115,0.8315959999178076,79.0
Hazard,-0.028874426677773086,0.8289173268968052,0.08260731581459298,0.8647262280383385,420.0
Impacts,0.02624507027442422,0.9153612856835125,-0.01219237143751062,0.8611144806804166,122.0
Mitigation,0.15930144739938365,0.853402787459747,0.09972856831006553,0.8320867605004968,105.0
