topic,sentiment_mean,sentiment_std,subjectivity_mean,subjectivity_std,counting
Causes,0.018475802440032312,0.8578183040792513,0.1565049164720912,0.9111160027300503,471.0
Hazard,-0.005094647886498118,0.9429281647151186,-0.00227804781438298,0.9522940409862256,2838.0
Impacts,-0.00195919552942495,0.9948175541933303,0.027223792933255955,0.9313540676596209,805.0
Mitigation,0.03546926985102667,0.9365126741790987,0.027094483730983648,0.9725823448883063,518.0
