keyword,sentiment_mean,sentiment_std,subjectivity_mean,subjectivity_std,counting
'wildfire damage',0.7071067811865476,1.0,0.7071067811865475,1.0,1.0
'wildfire smoke',0.7071067811865475,1.0,0.7071067811865474,1.0,1.0
'wildfire wind',-0.032954545454545466,1.0,0.7318181818181819,1.0,1.0
'wildfire',-0.12301642787485349,0.3005418970196536,0.142496392637967,0.40440617674026597,13.0
