week,sentiment_mean,sentiment_std,subjectivity_mean,subjectivity_std,counting
2024-52,0.1952922077922078,0.49153104497415523,0.7330627705627706,0.05425743591572092,2.0
2025-00,-0.034793741423020025,0.8331868881204564,0.7031082420985137,1.1794795010763028,4.0
2025-01,0.03798740142867696,0.7894758587632918,0.1148989426939552,0.8432518215404268,157.0
2025-02,-0.13497952267464697,0.9338246755569773,0.06603759775420595,0.9145045956361983,192.0
2025-03,0.06158078433441842,0.9187587687128521,-0.0995320762783231,0.8545975807258193,205.0
2025-04,0.07797566092099908,0.7596817779947717,0.2166600998376695,0.8697448087265082,164.0
2025-05,-0.025228475567920402,0.8407862120560833,-0.0016939841900236875,0.8541434725518159,88.0
2025-06,-0.04153528037587896,0.837504254959154,-0.01805259435484888,0.766171311683597,52.0
