topic,sentiment_mean,sentiment_std,subjectivity_mean,subjectivity_std,counting
Causes,-0.04011295384552908,0.7802065157430786,0.1014684062026812,0.8635177942194573,112.0
Hazard,-0.02400825535064153,0.8805092618674446,0.049616452051264824,0.9002339486870696,720.0
Impacts,0.029988991057675433,0.9160444667535218,0.003410371751319554,0.8922955031743083,206.0
Mitigation,0.11071189307648861,0.8797791610617122,0.0891147823345018,0.8592566431567328,178.0
