topic,sentiment_mean,sentiment_std,subjectivity_mean,subjectivity_std,counting
Causes,-0.005329539824927721,0.8816407322761526,0.15254759033412713,0.9340806723433569,596.0
Hazard,0.002365490299741899,0.9489039245973181,-0.001977290164078025,0.9582828865920613,3724.0
Impacts,-0.011842428691217554,0.9955043416136506,0.026055178257893025,0.9472380329733935,1142.0
Mitigation,0.034969098293204194,0.935582087413198,0.009964348080469244,0.9519242265730159,675.0
