topic,sentiment_mean,sentiment_std,subjectivity_mean,subjectivity_std,counting
Causes,0.012015310843574021,0.8640609562625104,0.1532175634034724,0.9121488225889443,458.0
Hazard,-0.0036223551976253972,0.941871308280689,0.00327800374095664,0.9505930525791109,2701.0
Impacts,-0.016558920022294935,0.9943400710332808,0.02296961089029866,0.9411286635623337,727.0
Mitigation,0.054491203709638024,0.9397563916272372,0.013501932597492286,0.9665009171638366,508.0
