topic,sentiment_mean,sentiment_std,subjectivity_mean,subjectivity_std,counting
Causes,0.0011253261876885486,0.8804116698993308,0.15307233401020698,0.9383700036185768,577.0
Hazard,0.0010181276863841964,0.9470852242553974,-0.004185364696677347,0.9559157454960816,3622.0
Impacts,-0.0137134511935501,0.9940812036262379,0.03463541084346406,0.945353413621734,1099.0
Mitigation,0.04107904636671472,0.9393770064075211,0.01220851181622451,0.9547272001915674,648.0
