topic,sentiment_mean,sentiment_std,subjectivity_mean,subjectivity_std,counting
Causes,0.004203202526215126,0.8806176515766991,0.15172825599286346,0.9279370781857931,545.0
Hazard,0.000877253644020401,0.9465075164674746,-0.004461807821832941,0.9546693105796036,3419.0
Impacts,-0.01387264279493158,0.9937889930674105,0.030243809542932976,0.9471650311806228,1006.0
Mitigation,0.03535976751966337,0.9371298802122079,0.024243934266528433,0.9581952913540942,611.0
