topic,sentiment_mean,sentiment_std,subjectivity_mean,subjectivity_std,counting
Causes,0.016533894738497125,0.8638786703499172,0.15690266964996627,0.9145224703545565,468.0
Hazard,-0.002866868422399216,0.9401947919889178,-0.0014548870839381034,0.951517813280511,2779.0
Impacts,-0.013967793236269867,0.9985800495410565,0.030752086815344915,0.9334607959461967,792.0
Mitigation,0.044471470048154126,0.9362794022725984,0.018645917562275283,0.9678929792394095,513.0
