topic,sentiment_mean,sentiment_std,subjectivity_mean,subjectivity_std,counting
Causes,-0.00306879969514183,0.870283290119121,0.16341178885431115,0.9211810903970751,500.0
Hazard,-0.0036787117978827493,0.9442085555839189,-0.006855381302206505,0.9552398647857807,3223.0
Impacts,0.0009080274444607028,0.9983075538515596,0.03301110619979232,0.9417954585740181,926.0
Mitigation,0.043417945179339584,0.9449376530117414,0.03055553443754954,0.9617684970990082,572.0
