topic,sentiment_mean,sentiment_std,subjectivity_mean,subjectivity_std,counting
Causes,0.00527857094267146,0.8789254276337704,0.15877545424591494,0.9249361948178247,520.0
Hazard,-0.0002601510004370365,0.9444867172127119,-0.004289848410362931,0.953928207891852,3329.0
Impacts,-0.011629901208307657,0.9933042956377568,0.029061096200876328,0.9442410385830586,969.0
Mitigation,0.038338686469490145,0.9413258117730534,0.024241011451491025,0.9603528635691922,588.0
