topic,sentiment_mean,sentiment_std,subjectivity_mean,subjectivity_std,counting
Causes,0.009843939669465727,0.8675240346577309,0.15395442617997243,0.9156099123606541,455.0
Hazard,-0.00348016707644877,0.93986546967895,0.0018782791909022255,0.9498590614347913,2683.0
Impacts,-0.016832614000847325,0.9974347183925134,0.02654874613371785,0.9401240697270765,725.0
Mitigation,0.05713334957385323,0.9422164798388282,0.013332202178280723,0.9680452712875391,505.0
