topic,sentiment_mean,sentiment_std,subjectivity_mean,subjectivity_std,counting
Causes,0.015877855571703292,0.8638344194899661,0.15674601129080137,0.914509017579945,468.0
Hazard,-0.0024208919201280607,0.9401847528708506,-0.0013888013376273565,0.9514463201334671,2774.0
Impacts,-0.015128177910116447,0.9991748410068547,0.030057299667480625,0.9337228562949961,791.0
Mitigation,0.044068062808299696,0.9358058878561462,0.018436674987469114,0.9680305597771285,513.0
