topic,sentiment_mean,sentiment_std,subjectivity_mean,subjectivity_std,counting
Causes,0.004498207492995358,0.8742353621321255,0.14461099525134802,0.9387357432423811,559.0
Hazard,0.0007638457876738536,0.9447276973691358,-0.005518647081206821,0.9537476375688565,3506.0
Impacts,-0.012146921114565622,1.0010186880583791,0.03459568940132395,0.9488231666936773,1053.0
Mitigation,0.03434518551469566,0.9433567831149084,0.02452223562157837,0.9565647098636095,623.0
