topic,sentiment_mean,sentiment_std,subjectivity_mean,subjectivity_std,counting
Causes,0.003906707153501205,0.8813852628759512,0.15517203233894736,0.9355225551992884,573.0
Hazard,0.00015743303945839267,0.9452071105890477,-0.006880386930007838,0.9545826672787286,3580.0
Impacts,-0.011803426032445382,0.99679556327202,0.03640099678105742,0.9481715790172721,1081.0
Mitigation,0.040703627792896824,0.9428208538545697,0.01808042176444822,0.95653361000282,634.0
