topic,sentiment_mean,sentiment_std,subjectivity_mean,subjectivity_std,counting
Causes,0.01834679316978444,0.8622220340593003,0.15487366409709521,0.9146859164043185,467.0
Hazard,-0.002583030684711591,0.9403896161729285,-0.00073324862280037,0.9515545715767224,2765.0
Impacts,-0.015483921215765636,0.9985845906838668,0.029604880783039005,0.9333998508283136,791.0
Mitigation,0.04357794557746767,0.9355218289365191,0.018956134010141575,0.9672477519313379,512.0
