topic,sentiment_mean,sentiment_std,subjectivity_mean,subjectivity_std,counting
Causes,-0.004626859320029385,0.8836577389138429,0.16198457793703028,0.9301546550570134,625.0
Hazard,0.0004593876117004892,0.9487576227174505,-0.0032502334502835704,0.956357425135359,3792.0
Impacts,-0.00898264225975098,0.9964426705979886,0.025031027471094584,0.9559456340937632,1179.0
Mitigation,0.04030258655412104,0.9418713865045891,0.0035166385929072006,0.9575881491530985,694.0
