topic,sentiment_mean,sentiment_std,subjectivity_mean,subjectivity_std,counting
Causes,0.007521078349236667,0.8701449743548112,0.1627565656343102,0.9252258862399697,490.0
Hazard,-0.0009762078626720696,0.9434842171627668,-0.0060903329625822365,0.9544025448409349,3050.0
Impacts,-0.01376828294427738,1.003438775780856,0.034280600803924186,0.9335497037274975,872.0
Mitigation,0.04230065578926565,0.928661885244289,0.026481248435964548,0.9635149464321772,545.0
