topic,sentiment_mean,sentiment_std,subjectivity_mean,subjectivity_std,counting
Causes,0.009814396627390488,0.8614637800546556,0.15967023693326904,0.9221556800092071,486.0
Hazard,-0.004012697614860047,0.9435552357880734,-0.005438509473171266,0.9528603794026944,2945.0
Impacts,-0.0038921386884308105,1.0011991221293128,0.028352821706445062,0.9337469966055774,839.0
Mitigation,0.03935162239647748,0.9306939096504933,0.034682599959321846,0.9646195070665086,536.0
