topic,sentiment_mean,sentiment_std,subjectivity_mean,subjectivity_std,counting
Causes,-0.0021626102675403125,0.8689137338865499,0.1595102861255496,0.9234298769501653,496.0
Hazard,-0.002418715390660021,0.9419876519387153,-0.008251778879456467,0.9545054346267486,3173.0
Impacts,-0.003252698198743528,1.0036208873953787,0.03642650356899577,0.9407775289451267,907.0
Mitigation,0.04152206961827371,0.94619851515699,0.03767407797208494,0.9619239111488467,562.0
