week,sentiment_mean,sentiment_std,subjectivity_mean,subjectivity_std,counting
2024-52,0.1952922077922078,0.49153104497415523,0.7330627705627706,0.05425743591572092,2.0
2025-00,-0.32465632731755445,0.83103037336765,0.12032665972257639,1.6581540207238825,2.0
2025-01,0.05535544825285596,0.7303848896081852,0.14411624874725928,0.787588623097385,126.0
2025-02,-0.1104866947763607,0.917396673074282,0.029594522057180737,0.9055860344258497,144.0
2025-03,0.03694104850700078,0.8638162513366446,-0.023036147936690336,0.8011576093328909,186.0
2025-04,0.05026624150222662,0.7400279187248952,0.2066917310887396,0.8635931378836652,110.0
