topic,sentiment_mean,sentiment_std,subjectivity_mean,subjectivity_std,counting
Causes,0.013267308037790098,0.8572596159507085,0.158842097652012,0.9247540243708967,488.0
Hazard,-0.002574315768868043,0.9440451150078535,-0.006388093149130048,0.9535618440533896,2980.0
Impacts,-0.01005399836260256,1.0053382247343523,0.03274955936372114,0.9340312437692954,857.0
Mitigation,0.03755436166231925,0.9283433988951266,0.03171990382842437,0.9629104183080561,541.0
