topic,sentiment_mean,sentiment_std,subjectivity_mean,subjectivity_std,counting
Causes,-0.12665154535227388,0.7242411639449575,0.10115364323410922,0.7871311629126744,71.0
Hazard,-0.022570023252318938,0.7972043677836016,0.08856188169895796,0.8341269866143238,323.0
Impacts,0.09896434949622525,0.8901877849217963,-0.002919771468455617,0.9141770872973368,101.0
Mitigation,0.1320044058904047,0.9345950634681066,0.09549536070222633,0.8312944435889824,75.0
