topic,sentiment_mean,sentiment_std,subjectivity_mean,subjectivity_std,counting
Causes,-0.046071714234935376,0.7911760613812228,0.08617116546160787,0.8719287999314118,103.0
Hazard,-0.026308765421414103,0.8685163950348093,0.06122791320447268,0.8934172158673935,647.0
Impacts,0.025772849084756987,0.9021982835978533,-0.015089071013894546,0.8809201921566906,186.0
Mitigation,0.1210010320897658,0.8795148867283596,0.09670772813811311,0.8393650506061324,161.0
