topic,sentiment_mean,sentiment_std,subjectivity_mean,subjectivity_std,counting
Causes,-0.057081366975433465,0.7944582344589034,0.09529729084562519,0.8851864156474809,94.0
Hazard,-0.03380168539727818,0.8555766518048141,0.05966103717738417,0.886517844263679,585.0
Impacts,0.03422572562247419,0.9046244416973854,-0.0008308200924435347,0.8703499808760518,167.0
Mitigation,0.15061922072137612,0.871191389822865,0.0926297322304844,0.8234046414157128,145.0
