topic,sentiment_mean,sentiment_std,subjectivity_mean,subjectivity_std,counting
Causes,0.018348386841236655,0.8653476722441094,0.1554605886841642,0.9104738677512874,464.0
Hazard,-0.003689631025282206,0.9423701730343119,0.0022512664819912542,0.9508224711999527,2720.0
Impacts,-0.01694103387826639,0.9928726732263864,0.020059616840211177,0.9423048056557427,732.0
Mitigation,0.04859946116229837,0.9414297179247011,0.01797646141335224,0.9669976320270417,510.0
