topic,sentiment_mean,sentiment_std,subjectivity_mean,subjectivity_std,counting
Causes,0.017181773436337235,0.8580344057848902,0.16289993573329467,0.9197447887611574,482.0
Hazard,-0.006639182778484911,0.9456333687902734,-0.00599070252365931,0.9540494267458134,2927.0
Impacts,0.0022639577189833386,0.9951403278367584,0.02745912075240001,0.9315101356642632,827.0
Mitigation,0.03799664346487871,0.9317317228618036,0.03796792945065866,0.9621574087408231,534.0
