topic,sentiment_mean,sentiment_std,subjectivity_mean,subjectivity_std,counting
Causes,-0.032954545454545466,1.0,0.7318181818181819,1.0,1.0
Hazard,-0.12301642787485349,0.3005418970196536,0.142496392637967,0.40440617674026597,13.0
Impacts,0.7071067811865475,0.0,0.7071067811865475,1.1102230246251565e-16,2.0
