topic,sentiment_mean,sentiment_std,subjectivity_mean,subjectivity_std,counting
Causes,-0.007168994854059642,0.8678488955268359,0.16005950804906152,0.9221642875774719,508.0
Hazard,-0.0028832307642449183,0.9443565408089284,-0.005996904051782086,0.9547899866513647,3246.0
Impacts,-9.537537012911693e-05,0.9966340069226542,0.031295594627421,0.9415559302202591,940.0
Mitigation,0.04349294577504084,0.9446294191183634,0.031536756483856156,0.9609683045274503,573.0
