topic,sentiment_mean,sentiment_std,subjectivity_mean,subjectivity_std,counting
Causes,0.005549687786546355,0.8731237894536246,0.161916987242591,0.9327837320488688,635.0
Hazard,-0.0005641798595717883,0.9529221039103211,-0.0026299126548942867,0.9578422565570481,3913.0
Impacts,-0.013688761696867292,0.9936551492093305,0.029482750300628222,0.9529879242085868,1231.0
Mitigation,0.04391049025037385,0.9395745125607784,-0.00911053784466887,0.9603994769773262,721.0
