topic,sentiment_mean,sentiment_std,subjectivity_mean,subjectivity_std,counting
Causes,-0.10710648031425037,0.8512508226870419,0.10247619394866338,0.9484927303198087,23.0
Hazard,-0.03062721472703509,0.7467160450141043,0.14741802024345566,0.73878873177922,133.0
Impacts,0.08585983756764318,0.7998904638417856,-0.05821222430252407,0.8800174353691989,59.0
Mitigation,0.1731046744070121,0.8705361430439249,0.1857761831641434,0.7519924017373664,22.0
