week,sentiment_mean,sentiment_std,subjectivity_mean,subjectivity_std,counting
2024-52,0.1952922077922078,0.49153104497415523,0.7330627705627706,0.05425743591572092,2.0
2025-00,-0.1556637304483539,0.945203296919009,0.6649125192351555,1.1485708451472108,4.0
2025-01,0.025354860282335894,0.7870901710002137,0.10723652065642049,0.8378249937586021,151.0
2025-02,-0.09247010562326334,0.9354367436426233,0.047759464368979584,0.9287691670448486,176.0
2025-03,0.06397310156802083,0.8831404851167238,-0.07255981952035012,0.8127229194974256,199.0
2025-04,0.058912777515842,0.732679023435031,0.21777991588547063,0.8294221347996508,161.0
2025-05,-0.21396812710431776,0.7820371445713209,-0.062264052113118425,0.7605061962807946,33.0
