topic,sentiment_mean,sentiment_std,subjectivity_mean,subjectivity_std,counting
Causes,-0.04434345974094783,0.7808456558029725,0.14994894745835483,0.8421983138525251,130.0
Hazard,-0.012945052249512225,0.8855510110558856,0.033637191799752164,0.9074474283548742,772.0
Impacts,-0.007413670280000191,0.9318051915007317,0.012615157765945849,0.9087697741807951,224.0
Mitigation,0.11494173264740454,0.8941431722569726,0.0800331233296461,0.8666337321556364,186.0
