topic,sentiment_mean,sentiment_std,subjectivity_mean,subjectivity_std,counting
Causes,-0.0023015922280324014,0.869262229457048,0.15912962790684515,0.9218418222759527,498.0
Hazard,-0.0031773173835858877,0.9429426469309715,-0.007113826233135341,0.9552294093395028,3194.0
Impacts,-0.0008686825691589474,1.0002889857335817,0.035572614045887865,0.9406506623592842,916.0
Mitigation,0.04266758141327243,0.9471425428187734,0.033285547730591496,0.9615238808904686,564.0
