topic,sentiment_mean,sentiment_std,subjectivity_mean,subjectivity_std,counting
Causes,0.0026352415204084967,0.8806056448591353,0.15138871069663007,0.9369087638517108,579.0
Hazard,0.0010886531159536128,0.9483027345738428,-0.0035406879185716843,0.9557426980666609,3654.0
Impacts,-0.013382698587394912,0.9921120788831396,0.030544714943483202,0.9487875388069923,1109.0
Mitigation,0.03825919359836307,0.9392409440440267,0.01536244123643365,0.9547350763704591,650.0
