topic,sentiment_mean,sentiment_std,subjectivity_mean,subjectivity_std,counting
Causes,0.016082910412336768,0.8600515012883152,0.16097292356561477,0.9194989621338027,476.0
Hazard,-0.006136377183093678,0.9442106409597881,-0.0041109445610254605,0.9534553846214952,2911.0
Impacts,0.0023551668406189747,0.9962317589514247,0.026353466976439307,0.9318255483076944,814.0
Mitigation,0.03636783971739539,0.9325098260957259,0.035902261013324485,0.962083213393318,531.0
