topic,sentiment_mean,sentiment_std,subjectivity_mean,subjectivity_std,counting
Causes,-0.045757143995567545,0.7652572029331969,0.0623824440131141,0.8609777708894859,85.0
Hazard,-0.022397018209059667,0.8500896712143448,0.06699204092624067,0.8787954193364579,503.0
Impacts,-0.008213726620019596,0.9190252282187665,0.002340787712412294,0.8900124660593768,149.0
Mitigation,0.14335975329291245,0.8693974770453015,0.07607218167188906,0.8236521966580029,127.0
