topic,sentiment_mean,sentiment_std,subjectivity_mean,subjectivity_std,counting
Causes,0.001433334294037734,0.8794694883720322,0.1582273578698439,0.9257029572053542,533.0
Hazard,0.0020894303847771656,0.9454143089348377,-0.005435681311527642,0.9547916529762995,3388.0
Impacts,-0.015557422504528845,0.9935019841730234,0.03032925452087004,0.944730095986069,997.0
Mitigation,0.03376712370827378,0.9407314056689888,0.02676518990261755,0.9595820685964749,599.0
