topic,sentiment_mean,sentiment_std,subjectivity_mean,subjectivity_std,counting
Causes,-0.005252133315643833,0.8779603768434826,0.16066930525095158,0.9303009733117669,612.0
Hazard,0.0013876243832275281,0.948707069985526,-0.003856402793270822,0.9570631084378723,3765.0
Impacts,-0.01311411465411556,0.9967545540848751,0.028147364188371354,0.9538305860807781,1166.0
Mitigation,0.04277189762451207,0.9428071253430012,0.005500923139213529,0.9546189932216783,688.0
