topic,sentiment_mean,sentiment_std,subjectivity_mean,subjectivity_std,counting
Causes,0.009392270723031813,0.8676214852709263,0.15423558608578675,0.9154445917295021,455.0
Hazard,-0.0033719996975374034,0.939238244355912,0.0022462320906277418,0.9499489655596268,2676.0
Impacts,-0.017117395772942814,0.9998179419265205,0.024670933013569433,0.9395969078371592,723.0
Mitigation,0.05679895708258595,0.9419754134251521,0.013488846021896287,0.96850705431241,505.0
