topic,sentiment_mean,sentiment_std,subjectivity_mean,subjectivity_std,counting
Causes,0.017240698489352564,0.8589381914707316,0.15524463751178924,0.911049629476655,470.0
Hazard,-0.0038902561188735732,0.9425264809899558,-0.0029605049768337316,0.9526586847288655,2819.0
Impacts,-0.006203689685086802,0.9939377048910594,0.029744875215373133,0.9291104157467439,801.0
Mitigation,0.03588261321198991,0.9378098523656887,0.027249883569199038,0.9722329871242584,518.0
