topic,sentiment_mean,sentiment_std,subjectivity_mean,subjectivity_std,counting
Causes,0.0034425039756933416,0.879776604692024,0.1588904544383916,0.9253435180992277,520.0
Hazard,-0.0009341640906705616,0.9448190557849626,-0.004370449387152501,0.9542784604408288,3322.0
Impacts,-0.008726812417466562,0.9923912302130944,0.029845272692916366,0.9413425075441642,965.0
Mitigation,0.03873278695937204,0.9401819438496009,0.02302542544289119,0.9623282370924184,585.0
