topic,sentiment_mean,sentiment_std,subjectivity_mean,subjectivity_std,counting
Causes,-0.04140557571326328,0.7835249674141507,0.12754181988675814,0.8580728966894946,145.0
Hazard,-0.00487280102410696,0.8904628900572686,0.03362750809591299,0.9124708840318453,806.0
Impacts,-0.026827592716824687,0.9428912202378895,0.013966155501561533,0.8975286293358309,239.0
Mitigation,0.10344333177619597,0.8921029660118935,0.08273212106276531,0.8806438068577814,197.0
