topic,sentiment_mean,sentiment_std,subjectivity_mean,subjectivity_std,counting
Causes,0.003843942536869348,0.8788095156191159,0.16191072271717188,0.924591764149859,531.0
Hazard,0.0015618905722910783,0.9454793867428811,-0.0059041481030489874,0.9537048876099697,3367.0
Impacts,-0.01389361782958441,0.9929869391106118,0.031096792164751332,0.9470557108970673,979.0
Mitigation,0.03197540706523449,0.9415892796991961,0.025429701272956556,0.9609235952258096,595.0
