topic,sentiment_mean,sentiment_std,subjectivity_mean,subjectivity_std,counting
Causes,0.007584884602180926,0.881792976033228,0.1469955285716661,0.9383409110370464,563.0
Hazard,5.967474285745832e-07,0.9437259156869163,-0.005347728860350578,0.9538566142314227,3534.0
Impacts,-0.008690702276606677,0.9992149851575983,0.03144477784722215,0.9477615902655463,1068.0
Mitigation,0.031981379915798754,0.9436665765779856,0.025517906861947593,0.9557783486190347,624.0
