topic,sentiment_mean,sentiment_std,subjectivity_mean,subjectivity_std,counting
Causes,0.019926083443116062,0.8614416966473564,0.1562433983167253,0.9131286307893357,468.0
Hazard,-0.003463900900167804,0.9385390169895386,-0.0026339608366509103,0.9511091309658208,2798.0
Impacts,-0.00986056492523061,1.0006646263430314,0.03043014136497334,0.9321632854477627,796.0
Mitigation,0.03838518301414036,0.9456666598273371,0.025267527088413434,0.9741350290690374,515.0
