week,sentiment_mean,sentiment_std,subjectivity_mean,subjectivity_std,counting
2024-52,0.1952922077922078,0.49153104497415523,0.7330627705627706,0.05425743591572092,2.0
2025-00,-0.024072530609224735,0.9041461749736363,0.7064551558674229,1.1724684913244932,4.0
2025-01,0.03751362563864029,0.7830861289117435,0.11288251448091066,0.8473521366684635,157.0
2025-02,-0.1498770600098926,0.951308593711414,0.061104713800379754,0.9188297285913598,201.0
2025-03,0.07998531071078,0.9249390262876528,-0.09124555739185918,0.8680161285303667,219.0
2025-04,0.08372527813157138,0.7673406625521427,0.21048731447871796,0.8619209591942486,177.0
2025-05,-0.03969380946325848,0.7948630513437333,0.022137055776951835,0.8464485743177907,113.0
2025-06,0.03791260066478099,0.7614337576471398,-0.0046389209065170025,0.7765954142809499,103.0
2025-07,-0.3599033600029712,1.3804144603670028,0.2372341233950611,1.232356956988087,15.0
