topic,sentiment_mean,sentiment_std,subjectivity_mean,subjectivity_std,counting
Causes,0.0010317616681259413,0.8804807430396356,0.1524587306954122,0.9376704091832222,577.0
Hazard,0.0003469332292319092,0.9468025646910503,-0.004466876904762185,0.955367780447569,3611.0
Impacts,-0.013610148099884735,0.9954734439068891,0.03445087281280078,0.9466989845400444,1090.0
Mitigation,0.0455872026825068,0.9387851145900393,0.011791421742168745,0.9559485095032608,643.0
